{
  "metadata": {
    "roc_auc": 0.9763651040120037,
    "accuracy": 0.9308,
    "f1": 0.8962518740629685,
    "precision": 0.911836485661989,
    "recall": 0.8811910377358491
  },
  "electra_deterministic": {
    "roc_auc": 0.9865805304248138,
    "accuracy": 0.96,
    "f1": 0.9397590361445783,
    "precision": 0.9605911330049262,
    "recall": 0.9198113207547169
  },
  "electra_mc_dropout": {
    "roc_auc": 0.9849843867781761,
    "accuracy": 0.9601,
    "f1": 0.9397553978559565,
    "precision": 0.9631692974311359,
    "recall": 0.9174528301886793
  },
  "uncertain_fraction": 0.0361,
  "fusion": {
    "roc_auc": 0.9829487699301019,
    "accuracy": 0.9421,
    "f1": 0.9147651994700426,
    "precision": 0.9135548368127021,
    "recall": 0.9159787735849056
  }
}